image_id,n_objects,mean_area,density_class,quality_flag,narrative
test_000.png,8,191.2,dense,none," The image shows a group of 8 objects with an average area of 191.2 square microns. The objects are clustered together, which is typical for a dense classification. The image is of high quality, with no visible defects or issues that would affect its accuracy or usefulness. "
test_001.png,14,200.5,dense,none," The image is a close-up view of a microscopic structure, and it contains 14 objects. These objects are clustered together, which is characteristic of dense areas. The average size of the objects is 200.5, and the image quality is deemed to be excellent. "
test_002.png,26,219.7,moderate,none, The image is a microscopy image showing 26 objects. The average area of these objects is 219.7 square units. The density of these objects is classified as moderate. There are no quality flags on the image. 
test_003.png,19,203.9,dense,none, The image shows a microscopic view of a dense area with 19 objects in it. The average area of these objects is 203.9. There are no quality flags on the image. 
test_004.png,43,328.7,dense,none," The image is a microscopy image of a segmented object. There are 43 objects in the image. The mean area of these objects is 328.7 square micrometers. The density of the objects is described as ""dense."" The quality of the image is described as ""none."" There are no clinical or diagnostic claims made in this summary. "
test_005.png,16,406.9,dense,none, The image shows a microscopic view of cells. There are 16 cells visible in the image. The cells are densely packed together. The average size of the cells is 406.9. There are no quality flags on the image. 
test_006.png,8,198.0,moderate,none," The image shows a microscopy image with 8 objects in it. The mean area of the objects is 198.0. The density class of the objects is moderate, and there are no quality flags on the image. "
test_007.png,23,205.7,moderate,none," The segmented microscopy image contains 23 objects with an average area of 205.7. The objects are classified as moderate density, and there are no quality flags present in the image. "
test_008.png,23,239.8,moderate,none, The image is a segmented microscopy image with 23 objects present. The mean area of the objects in the image is 239.8. The density of the objects is classified as moderate. There are no quality flags on the image. 
test_009.png,21,178.9,dense,none," The image shows a sample with 21 objects, which is considered a dense class. The mean area of these objects is 178.9. There are no quality issues with the image, as indicated by the ""none"" quality\_flag. "
test_010.png,39,335.1,moderate,none," The image shows a segmented microscopy image with 39 objects, an average area of 335.1, and a moderate density class. The quality flag is marked as none. "
test_011.png,20,184.0,dense,none," The image is a microscopic image with 20 objects, and the density of the objects is considered to be high. The average area of the objects is 184.0 square micrometers. The image does not have any quality issues. "
